{"name":"sbm-dms","classpathEntries":[{"kind":"binary","path":"C:\\Program Files\\Java\\jdk1.8.0_25\\jre\\lib\\resources.jar","javadocContainerUrl":"https://docs.oracle.com/javase/1/docs/api/","isSystem":true,"isOwn":false,"isTest":false,"isJavaContent":false},{"kind":"binary","path":"C:\\Program Files\\Java\\jdk1.8.0_25\\jre\\lib\\rt.jar","javadocContainerUrl":"https://docs.oracle.com/javase/1/docs/api/","isSystem":true,"isOwn":false,"isTest":false,"isJavaContent":false},{"kind":"binary","path":"C:\\Program Files\\Java\\jdk1.8.0_25\\jre\\lib\\jsse.jar","javadocContainerUrl":"https://docs.oracle.com/javase/1/docs/api/","isSystem":true,"isOwn":false,"isTest":false,"isJavaContent":false},{"kind":"binary","path":"C:\\Program Files\\Java\\jdk1.8.0_25\\jre\\lib\\jce.jar","javadocContainerUrl":"https://docs.oracle.com/javase/1/docs/api/","isSystem":true,"isOwn":false,"isTest":false,"isJavaContent":false},{"kind":"binary","path":"C:\\Program Files\\Java\\jdk1.8.0_25\\jre\\lib\\charsets.jar","javadocContainerUrl":"https://docs.oracle.com/javase/1/docs/api/","isSystem":true,"isOwn":false,"isTest":false,"isJavaContent":false},{"kind":"binary","path":"C:\\Program Files\\Java\\jdk1.8.0_25\\jre\\lib\\jfr.jar","javadocContainerUrl":"https://docs.oracle.com/javase/1/docs/api/","isSystem":true,"isOwn":false,"isTest":false,"isJavaContent":false},{"kind":"binary","path":"C:\\Users\\DELL\\.m2\\repository\\org\\springframework\\boot\\spring-boot-starter-web\\2.2.8.RELEASE\\spring-boot-starter-web-2.2.8.RELEASE.jar","sourceContainerUrl":"file:/C:/Users/DELL/.m2/repository/org/springframework/boot/spring-boot-starter-web/2.2.8.RELEASE/spring-boot-starter-web-2.2.8.RELEASE-sources.jar","isSystem":false,"isOwn":false,"isTest":false,"isJavaContent":false},{"kind":"binary","path":"C:\\Users\\DELL\\.m2\\repository\\org\\springframework\\boot\\spring-boot-starter\\2.2.8.RELEASE\\spring-boot-starter-2.2.8.RELEASE.jar","sourceContainerUrl":"file:/C:/Users/DELL/.m2/repository/org/springframework/boot/spring-boot-starter/2.2.8.RELEASE/spring-boot-starter-2.2.8.RELEASE-sources.jar","isSystem":false,"isOwn":false,"isTest":false,"isJavaContent":false},{"kind":"binary","path":"C:\\Users\\DELL\\.m2\\repository\\org\\springframework\\boot\\spring-boot-starter-logging\\2.2.8.RELEASE\\spring-boot-starter-logging-2.2.8.RELEASE.jar","sourceContainerUrl":"file:/C:/Users/DELL/.m2/repository/org/springframework/boot/spring-boot-starter-logging/2.2.8.RELEASE/spring-boot-starter-logging-2.2.8.RELEASE-sources.jar","isSystem":false,"isOwn":false,"isTest":false,"isJavaContent":false},{"kind":"binary","path":"C:\\Users\\DELL\\.m2\\repository\\ch\\qos\\logback\\logback-classic\\1.2.3\\logback-classic-1.2.3.jar","sourceContainerUrl":"file:/C:/Users/DELL/.m2/repository/ch/qos/logback/logback-classic/1.2.3/logback-classic-1.2.3-sources.jar","javadocContainerUrl":"file:/C:/Users/DELL/.m2/repository/ch/qos/logback/logback-classic/1.2.3/logback-classic-1.2.3-javadoc.jar","isSystem":false,"isOwn":false,"isTest":false,"isJavaContent":false},{"kind":"binary","path":"C:\\Users\\DELL\\.m2\\repository\\ch\\qos\\logback\\logback-core\\1.2.3\\logback-core-1.2.3.jar","sourceContainerUrl":"file:/C:/Users/DELL/.m2/repository/ch/qos/logback/logback-core/1.2.3/logback-core-1.2.3-sources.jar","javadocContainerUrl":"file:/C:/Users/DELL/.m2/repository/ch/qos/logback/logback-core/1.2.3/logback-core-1.2.3-javadoc.jar","isSystem":false,"isOwn":false,"isTest":false,"isJavaContent":false},{"kind":"binary","path":"C:\\Users\\DELL\\.m2\\repository\\org\\apache\\logging\\log4j\\log4j-to-slf4j\\2.12.1\\log4j-to-slf4j-2.12.1.jar","sourceContainerUrl":"file:/C:/Users/DELL/.m2/repository/org/apache/logging/log4j/log4j-to-slf4j/2.12.1/log4j-to-slf4j-2.12.1-sources.jar","javadocContainerUrl":"file:/C:/Users/DELL/.m2/repository/org/apache/logging/log4j/log4j-to-slf4j/2.12.1/log4j-to-slf4j-2.12.1-javadoc.jar","isSystem":false,"isOwn":false,"isTest":false,"isJavaContent":false},{"kind":"binary","path":"C:\\Users\\DELL\\.m2\\repository\\org\\apache\\logging\\log4j\\log4j-api\\2.12.1\\log4j-api-2.12.1.jar","sourceContainerUrl":"file:/C:/Users/DELL/.m2/repository/org/apache/logging/log4j/log4j-api/2.12.1/log4j-api-2.12.1-sources.jar","javadocContainerUrl":"file:/C:/Users/DELL/.m2/repository/org/apache/logging/log4j/log4j-api/2.12.1/log4j-api-2.12.1-javadoc.jar","isSystem":false,"isOwn":false,"isTest":false,"isJavaContent":false},{"kind":"binary","path":"C:\\Users\\DELL\\.m2\\repository\\org\\slf4j\\jul-to-slf4j\\1.7.30\\jul-to-slf4j-1.7.30.jar","sourceContainerUrl":"file:/C:/Users/DELL/.m2/repository/org/slf4j/jul-to-slf4j/1.7.30/jul-to-slf4j-1.7.30-sources.jar","javadocContainerUrl":"file:/C:/Users/DELL/.m2/repository/org/slf4j/jul-to-slf4j/1.7.30/jul-to-slf4j-1.7.30-javadoc.jar","isSystem":false,"isOwn":false,"isTest":false,"isJavaContent":false},{"kind":"binary","path":"C:\\Users\\DELL\\.m2\\repository\\jakarta\\annotation\\jakarta.annotation-api\\1.3.5\\jakarta.annotation-api-1.3.5.jar","sourceContainerUrl":"file:/C:/Users/DELL/.m2/repository/jakarta/annotation/jakarta.annotation-api/1.3.5/jakarta.annotation-api-1.3.5-sources.jar","javadocContainerUrl":"file:/C:/Users/DELL/.m2/repository/jakarta/annotation/jakarta.annotation-api/1.3.5/jakarta.annotation-api-1.3.5-javadoc.jar","isSystem":false,"isOwn":false,"isTest":false,"isJavaContent":false},{"kind":"binary","path":"C:\\Users\\DELL\\.m2\\repository\\org\\yaml\\snakeyaml\\1.25\\snakeyaml-1.25.jar","sourceContainerUrl":"file:/C:/Users/DELL/.m2/repository/org/yaml/snakeyaml/1.25/snakeyaml-1.25-sources.jar","javadocContainerUrl":"file:/C:/Users/DELL/.m2/repository/org/yaml/snakeyaml/1.25/snakeyaml-1.25-javadoc.jar","isSystem":false,"isOwn":false,"isTest":false,"isJavaContent":false},{"kind":"binary","path":"C:\\Users\\DELL\\.m2\\repository\\org\\springframework\\boot\\spring-boot-starter-json\\2.2.8.RELEASE\\spring-boot-starter-json-2.2.8.RELEASE.jar","sourceContainerUrl":"file:/C:/Users/DELL/.m2/repository/org/springframework/boot/spring-boot-starter-json/2.2.8.RELEASE/spring-boot-starter-json-2.2.8.RELEASE-sources.jar","isSystem":false,"isOwn":false,"isTest":false,"isJavaContent":false},{"kind":"binary","path":"C:\\Users\\DELL\\.m2\\repository\\com\\fasterxml\\jackson\\core\\jackson-databind\\2.10.4\\jackson-databind-2.10.4.jar","sourceContainerUrl":"file:/C:/Users/DELL/.m2/repository/com/fasterxml/jackson/core/jackson-databind/2.10.4/jackson-databind-2.10.4-sources.jar","javadocContainerUrl":"file:/C:/Users/DELL/.m2/repository/com/fasterxml/jackson/core/jackson-databind/2.10.4/jackson-databind-2.10.4-javadoc.jar","isSystem":false,"isOwn":false,"isTest":false,"isJavaContent":false},{"kind":"binary","path":"C:\\Users\\DELL\\.m2\\repository\\com\\fasterxml\\jackson\\core\\jackson-annotations\\2.10.4\\jackson-annotations-2.10.4.jar","sourceContainerUrl":"file:/C:/Users/DELL/.m2/repository/com/fasterxml/jackson/core/jackson-annotations/2.10.4/jackson-annotations-2.10.4-sources.jar","javadocContainerUrl":"file:/C:/Users/DELL/.m2/repository/com/fasterxml/jackson/core/jackson-annotations/2.10.4/jackson-annotations-2.10.4-javadoc.jar","isSystem":false,"isOwn":false,"isTest":false,"isJavaContent":false},{"kind":"binary","path":"C:\\Users\\DELL\\.m2\\repository\\com\\fasterxml\\jackson\\core\\jackson-core\\2.10.4\\jackson-core-2.10.4.jar","sourceContainerUrl":"file:/C:/Users/DELL/.m2/repository/com/fasterxml/jackson/core/jackson-core/2.10.4/jackson-core-2.10.4-sources.jar","javadocContainerUrl":"file:/C:/Users/DELL/.m2/repository/com/fasterxml/jackson/core/jackson-core/2.10.4/jackson-core-2.10.4-javadoc.jar","isSystem":false,"isOwn":false,"isTest":false,"isJavaContent":false},{"kind":"binary","path":"C:\\Users\\DELL\\.m2\\repository\\com\\fasterxml\\jackson\\datatype\\jackson-datatype-jdk8\\2.10.4\\jackson-datatype-jdk8-2.10.4.jar","sourceContainerUrl":"file:/C:/Users/DELL/.m2/repository/com/fasterxml/jackson/datatype/jackson-datatype-jdk8/2.10.4/jackson-datatype-jdk8-2.10.4-sources.jar","javadocContainerUrl":"file:/C:/Users/DELL/.m2/repository/com/fasterxml/jackson/datatype/jackson-datatype-jdk8/2.10.4/jackson-datatype-jdk8-2.10.4-javadoc.jar","isSystem":false,"isOwn":false,"isTest":false,"isJavaContent":false},{"kind":"binary","path":"C:\\Users\\DELL\\.m2\\repository\\com\\fasterxml\\jackson\\datatype\\jackson-datatype-jsr310\\2.10.4\\jackson-datatype-jsr310-2.10.4.jar","sourceContainerUrl":"file:/C:/Users/DELL/.m2/repository/com/fasterxml/jackson/datatype/jackson-datatype-jsr310/2.10.4/jackson-datatype-jsr310-2.10.4-sources.jar","javadocContainerUrl":"file:/C:/Users/DELL/.m2/repository/com/fasterxml/jackson/datatype/jackson-datatype-jsr310/2.10.4/jackson-datatype-jsr310-2.10.4-javadoc.jar","isSystem":false,"isOwn":false,"isTest":false,"isJavaContent":false},{"kind":"binary","path":"C:\\Users\\DELL\\.m2\\repository\\com\\fasterxml\\jackson\\module\\jackson-module-parameter-names\\2.10.4\\jackson-module-parameter-names-2.10.4.jar","sourceContainerUrl":"file:/C:/Users/DELL/.m2/repository/com/fasterxml/jackson/module/jackson-module-parameter-names/2.10.4/jackson-module-parameter-names-2.10.4-sources.jar","javadocContainerUrl":"file:/C:/Users/DELL/.m2/repository/com/fasterxml/jackson/module/jackson-module-parameter-names/2.10.4/jackson-module-parameter-names-2.10.4-javadoc.jar","isSystem":false,"isOwn":false,"isTest":false,"isJavaContent":false},{"kind":"binary","path":"C:\\Users\\DELL\\.m2\\repository\\org\\springframework\\boot\\spring-boot-starter-tomcat\\2.2.8.RELEASE\\spring-boot-starter-tomcat-2.2.8.RELEASE.jar","sourceContainerUrl":"file:/C:/Users/DELL/.m2/repository/org/springframework/boot/spring-boot-starter-tomcat/2.2.8.RELEASE/spring-boot-starter-tomcat-2.2.8.RELEASE-sources.jar","isSystem":false,"isOwn":false,"isTest":false,"isJavaContent":false},{"kind":"binary","path":"C:\\Users\\DELL\\.m2\\repository\\org\\apache\\tomcat\\embed\\tomcat-embed-core\\9.0.36\\tomcat-embed-core-9.0.36.jar","sourceContainerUrl":"file:/C:/Users/DELL/.m2/repository/org/apache/tomcat/embed/tomcat-embed-core/9.0.36/tomcat-embed-core-9.0.36-sources.jar","isSystem":false,"isOwn":false,"isTest":false,"isJavaContent":false},{"kind":"binary","path":"C:\\Users\\DELL\\.m2\\repository\\org\\apache\\tomcat\\embed\\tomcat-embed-el\\9.0.36\\tomcat-embed-el-9.0.36.jar","sourceContainerUrl":"file:/C:/Users/DELL/.m2/repository/org/apache/tomcat/embed/tomcat-embed-el/9.0.36/tomcat-embed-el-9.0.36-sources.jar","isSystem":false,"isOwn":false,"isTest":false,"isJavaContent":false},{"kind":"binary","path":"C:\\Users\\DELL\\.m2\\repository\\org\\apache\\tomcat\\embed\\tomcat-embed-websocket\\9.0.36\\tomcat-embed-websocket-9.0.36.jar","sourceContainerUrl":"file:/C:/Users/DELL/.m2/repository/org/apache/tomcat/embed/tomcat-embed-websocket/9.0.36/tomcat-embed-websocket-9.0.36-sources.jar","isSystem":false,"isOwn":false,"isTest":false,"isJavaContent":false},{"kind":"binary","path":"C:\\Users\\DELL\\.m2\\repository\\org\\springframework\\boot\\spring-boot-starter-validation\\2.2.8.RELEASE\\spring-boot-starter-validation-2.2.8.RELEASE.jar","sourceContainerUrl":"file:/C:/Users/DELL/.m2/repository/org/springframework/boot/spring-boot-starter-validation/2.2.8.RELEASE/spring-boot-starter-validation-2.2.8.RELEASE-sources.jar","isSystem":false,"isOwn":false,"isTest":false,"isJavaContent":false},{"kind":"binary","path":"C:\\Users\\DELL\\.m2\\repository\\jakarta\\validation\\jakarta.validation-api\\2.0.2\\jakarta.validation-api-2.0.2.jar","sourceContainerUrl":"file:/C:/Users/DELL/.m2/repository/jakarta/validation/jakarta.validation-api/2.0.2/jakarta.validation-api-2.0.2-sources.jar","javadocContainerUrl":"file:/C:/Users/DELL/.m2/repository/jakarta/validation/jakarta.validation-api/2.0.2/jakarta.validation-api-2.0.2-javadoc.jar","isSystem":false,"isOwn":false,"isTest":false,"isJavaContent":false},{"kind":"binary","path":"C:\\Users\\DELL\\.m2\\repository\\org\\hibernate\\validator\\hibernate-validator\\6.0.20.Final\\hibernate-validator-6.0.20.Final.jar","sourceContainerUrl":"file:/C:/Users/DELL/.m2/repository/org/hibernate/validator/hibernate-validator/6.0.20.Final/hibernate-validator-6.0.20.Final-sources.jar","isSystem":false,"isOwn":false,"isTest":false,"isJavaContent":false},{"kind":"binary","path":"C:\\Users\\DELL\\.m2\\repository\\org\\jboss\\logging\\jboss-logging\\3.4.1.Final\\jboss-logging-3.4.1.Final.jar","sourceContainerUrl":"file:/C:/Users/DELL/.m2/repository/org/jboss/logging/jboss-logging/3.4.1.Final/jboss-logging-3.4.1.Final-sources.jar","javadocContainerUrl":"file:/C:/Users/DELL/.m2/repository/org/jboss/logging/jboss-logging/3.4.1.Final/jboss-logging-3.4.1.Final-javadoc.jar","isSystem":false,"isOwn":false,"isTest":false,"isJavaContent":false},{"kind":"binary","path":"C:\\Users\\DELL\\.m2\\repository\\com\\fasterxml\\classmate\\1.5.1\\classmate-1.5.1.jar","sourceContainerUrl":"file:/C:/Users/DELL/.m2/repository/com/fasterxml/classmate/1.5.1/classmate-1.5.1-sources.jar","javadocContainerUrl":"file:/C:/Users/DELL/.m2/repository/com/fasterxml/classmate/1.5.1/classmate-1.5.1-javadoc.jar","isSystem":false,"isOwn":false,"isTest":false,"isJavaContent":false},{"kind":"binary","path":"C:\\Users\\DELL\\.m2\\repository\\org\\springframework\\spring-web\\5.2.7.RELEASE\\spring-web-5.2.7.RELEASE.jar","sourceContainerUrl":"file:/C:/Users/DELL/.m2/repository/org/springframework/spring-web/5.2.7.RELEASE/spring-web-5.2.7.RELEASE-sources.jar","javadocContainerUrl":"file:/C:/Users/DELL/.m2/repository/org/springframework/spring-web/5.2.7.RELEASE/spring-web-5.2.7.RELEASE-javadoc.jar","isSystem":false,"isOwn":false,"isTest":false,"isJavaContent":false},{"kind":"binary","path":"C:\\Users\\DELL\\.m2\\repository\\org\\springframework\\spring-beans\\5.2.7.RELEASE\\spring-beans-5.2.7.RELEASE.jar","sourceContainerUrl":"file:/C:/Users/DELL/.m2/repository/org/springframework/spring-beans/5.2.7.RELEASE/spring-beans-5.2.7.RELEASE-sources.jar","javadocContainerUrl":"file:/C:/Users/DELL/.m2/repository/org/springframework/spring-beans/5.2.7.RELEASE/spring-beans-5.2.7.RELEASE-javadoc.jar","isSystem":false,"isOwn":false,"isTest":false,"isJavaContent":false},{"kind":"binary","path":"C:\\Users\\DELL\\.m2\\repository\\org\\springframework\\spring-webmvc\\5.2.7.RELEASE\\spring-webmvc-5.2.7.RELEASE.jar","sourceContainerUrl":"file:/C:/Users/DELL/.m2/repository/org/springframework/spring-webmvc/5.2.7.RELEASE/spring-webmvc-5.2.7.RELEASE-sources.jar","javadocContainerUrl":"file:/C:/Users/DELL/.m2/repository/org/springframework/spring-webmvc/5.2.7.RELEASE/spring-webmvc-5.2.7.RELEASE-javadoc.jar","isSystem":false,"isOwn":false,"isTest":false,"isJavaContent":false},{"kind":"binary","path":"C:\\Users\\DELL\\.m2\\repository\\org\\springframework\\spring-aop\\5.2.7.RELEASE\\spring-aop-5.2.7.RELEASE.jar","sourceContainerUrl":"file:/C:/Users/DELL/.m2/repository/org/springframework/spring-aop/5.2.7.RELEASE/spring-aop-5.2.7.RELEASE-sources.jar","javadocContainerUrl":"file:/C:/Users/DELL/.m2/repository/org/springframework/spring-aop/5.2.7.RELEASE/spring-aop-5.2.7.RELEASE-javadoc.jar","isSystem":false,"isOwn":false,"isTest":false,"isJavaContent":false},{"kind":"binary","path":"C:\\Users\\DELL\\.m2\\repository\\org\\springframework\\spring-context\\5.2.7.RELEASE\\spring-context-5.2.7.RELEASE.jar","sourceContainerUrl":"file:/C:/Users/DELL/.m2/repository/org/springframework/spring-context/5.2.7.RELEASE/spring-context-5.2.7.RELEASE-sources.jar","javadocContainerUrl":"file:/C:/Users/DELL/.m2/repository/org/springframework/spring-context/5.2.7.RELEASE/spring-context-5.2.7.RELEASE-javadoc.jar","isSystem":false,"isOwn":false,"isTest":false,"isJavaContent":false},{"kind":"binary","path":"C:\\Users\\DELL\\.m2\\repository\\org\\springframework\\spring-expression\\5.2.7.RELEASE\\spring-expression-5.2.7.RELEASE.jar","sourceContainerUrl":"file:/C:/Users/DELL/.m2/repository/org/springframework/spring-expression/5.2.7.RELEASE/spring-expression-5.2.7.RELEASE-sources.jar","javadocContainerUrl":"file:/C:/Users/DELL/.m2/repository/org/springframework/spring-expression/5.2.7.RELEASE/spring-expression-5.2.7.RELEASE-javadoc.jar","isSystem":false,"isOwn":false,"isTest":false,"isJavaContent":false},{"kind":"binary","path":"C:\\Users\\DELL\\.m2\\repository\\org\\springframework\\boot\\spring-boot-devtools\\2.2.8.RELEASE\\spring-boot-devtools-2.2.8.RELEASE.jar","sourceContainerUrl":"file:/C:/Users/DELL/.m2/repository/org/springframework/boot/spring-boot-devtools/2.2.8.RELEASE/spring-boot-devtools-2.2.8.RELEASE-sources.jar","javadocContainerUrl":"file:/C:/Users/DELL/.m2/repository/org/springframework/boot/spring-boot-devtools/2.2.8.RELEASE/spring-boot-devtools-2.2.8.RELEASE-javadoc.jar","isSystem":false,"isOwn":false,"isTest":false,"isJavaContent":false},{"kind":"binary","path":"C:\\Users\\DELL\\.m2\\repository\\org\\springframework\\boot\\spring-boot\\2.2.8.RELEASE\\spring-boot-2.2.8.RELEASE.jar","sourceContainerUrl":"file:/C:/Users/DELL/.m2/repository/org/springframework/boot/spring-boot/2.2.8.RELEASE/spring-boot-2.2.8.RELEASE-sources.jar","javadocContainerUrl":"file:/C:/Users/DELL/.m2/repository/org/springframework/boot/spring-boot/2.2.8.RELEASE/spring-boot-2.2.8.RELEASE-javadoc.jar","isSystem":false,"isOwn":false,"isTest":false,"isJavaContent":false},{"kind":"binary","path":"C:\\Users\\DELL\\.m2\\repository\\org\\springframework\\boot\\spring-boot-autoconfigure\\2.2.8.RELEASE\\spring-boot-autoconfigure-2.2.8.RELEASE.jar","sourceContainerUrl":"file:/C:/Users/DELL/.m2/repository/org/springframework/boot/spring-boot-autoconfigure/2.2.8.RELEASE/spring-boot-autoconfigure-2.2.8.RELEASE-sources.jar","javadocContainerUrl":"file:/C:/Users/DELL/.m2/repository/org/springframework/boot/spring-boot-autoconfigure/2.2.8.RELEASE/spring-boot-autoconfigure-2.2.8.RELEASE-javadoc.jar","isSystem":false,"isOwn":false,"isTest":false,"isJavaContent":false},{"kind":"binary","path":"C:\\Users\\DELL\\.m2\\repository\\org\\springframework\\boot\\spring-boot-starter-test\\2.2.8.RELEASE\\spring-boot-starter-test-2.2.8.RELEASE.jar","sourceContainerUrl":"file:/C:/Users/DELL/.m2/repository/org/springframework/boot/spring-boot-starter-test/2.2.8.RELEASE/spring-boot-starter-test-2.2.8.RELEASE-sources.jar","isSystem":false,"isOwn":false,"isTest":false,"isJavaContent":false},{"kind":"binary","path":"C:\\Users\\DELL\\.m2\\repository\\org\\springframework\\boot\\spring-boot-test\\2.2.8.RELEASE\\spring-boot-test-2.2.8.RELEASE.jar","sourceContainerUrl":"file:/C:/Users/DELL/.m2/repository/org/springframework/boot/spring-boot-test/2.2.8.RELEASE/spring-boot-test-2.2.8.RELEASE-sources.jar","javadocContainerUrl":"file:/C:/Users/DELL/.m2/repository/org/springframework/boot/spring-boot-test/2.2.8.RELEASE/spring-boot-test-2.2.8.RELEASE-javadoc.jar","isSystem":false,"isOwn":false,"isTest":false,"isJavaContent":false},{"kind":"binary","path":"C:\\Users\\DELL\\.m2\\repository\\org\\springframework\\boot\\spring-boot-test-autoconfigure\\2.2.8.RELEASE\\spring-boot-test-autoconfigure-2.2.8.RELEASE.jar","sourceContainerUrl":"file:/C:/Users/DELL/.m2/repository/org/springframework/boot/spring-boot-test-autoconfigure/2.2.8.RELEASE/spring-boot-test-autoconfigure-2.2.8.RELEASE-sources.jar","javadocContainerUrl":"file:/C:/Users/DELL/.m2/repository/org/springframework/boot/spring-boot-test-autoconfigure/2.2.8.RELEASE/spring-boot-test-autoconfigure-2.2.8.RELEASE-javadoc.jar","isSystem":false,"isOwn":false,"isTest":false,"isJavaContent":false},{"kind":"binary","path":"C:\\Users\\DELL\\.m2\\repository\\com\\jayway\\jsonpath\\json-path\\2.4.0\\json-path-2.4.0.jar","sourceContainerUrl":"file:/C:/Users/DELL/.m2/repository/com/jayway/jsonpath/json-path/2.4.0/json-path-2.4.0-sources.jar","javadocContainerUrl":"file:/C:/Users/DELL/.m2/repository/com/jayway/jsonpath/json-path/2.4.0/json-path-2.4.0-javadoc.jar","isSystem":false,"isOwn":false,"isTest":false,"isJavaContent":false},{"kind":"binary","path":"C:\\Users\\DELL\\.m2\\repository\\net\\minidev\\json-smart\\2.3\\json-smart-2.3.jar","sourceContainerUrl":"file:/C:/Users/DELL/.m2/repository/net/minidev/json-smart/2.3/json-smart-2.3-sources.jar","javadocContainerUrl":"file:/C:/Users/DELL/.m2/repository/net/minidev/json-smart/2.3/json-smart-2.3-javadoc.jar","isSystem":false,"isOwn":false,"isTest":false,"isJavaContent":false},{"kind":"binary","path":"C:\\Users\\DELL\\.m2\\repository\\net\\minidev\\accessors-smart\\1.2\\accessors-smart-1.2.jar","sourceContainerUrl":"file:/C:/Users/DELL/.m2/repository/net/minidev/accessors-smart/1.2/accessors-smart-1.2-sources.jar","javadocContainerUrl":"file:/C:/Users/DELL/.m2/repository/net/minidev/accessors-smart/1.2/accessors-smart-1.2-javadoc.jar","isSystem":false,"isOwn":false,"isTest":false,"isJavaContent":false},{"kind":"binary","path":"C:\\Users\\DELL\\.m2\\repository\\org\\ow2\\asm\\asm\\5.0.4\\asm-5.0.4.jar","sourceContainerUrl":"file:/C:/Users/DELL/.m2/repository/org/ow2/asm/asm/5.0.4/asm-5.0.4-sources.jar","javadocContainerUrl":"file:/C:/Users/DELL/.m2/repository/org/ow2/asm/asm/5.0.4/asm-5.0.4-javadoc.jar","isSystem":false,"isOwn":false,"isTest":false,"isJavaContent":false},{"kind":"binary","path":"C:\\Users\\DELL\\.m2\\repository\\jakarta\\xml\\bind\\jakarta.xml.bind-api\\2.3.3\\jakarta.xml.bind-api-2.3.3.jar","sourceContainerUrl":"file:/C:/Users/DELL/.m2/repository/jakarta/xml/bind/jakarta.xml.bind-api/2.3.3/jakarta.xml.bind-api-2.3.3-sources.jar","javadocContainerUrl":"file:/C:/Users/DELL/.m2/repository/jakarta/xml/bind/jakarta.xml.bind-api/2.3.3/jakarta.xml.bind-api-2.3.3-javadoc.jar","isSystem":false,"isOwn":false,"isTest":false,"isJavaContent":false},{"kind":"binary","path":"C:\\Users\\DELL\\.m2\\repository\\jakarta\\activation\\jakarta.activation-api\\1.2.2\\jakarta.activation-api-1.2.2.jar","sourceContainerUrl":"file:/C:/Users/DELL/.m2/repository/jakarta/activation/jakarta.activation-api/1.2.2/jakarta.activation-api-1.2.2-sources.jar","javadocContainerUrl":"file:/C:/Users/DELL/.m2/repository/jakarta/activation/jakarta.activation-api/1.2.2/jakarta.activation-api-1.2.2-javadoc.jar","isSystem":false,"isOwn":false,"isTest":false,"isJavaContent":false},{"kind":"binary","path":"C:\\Users\\DELL\\.m2\\repository\\org\\junit\\jupiter\\junit-jupiter\\5.5.2\\junit-jupiter-5.5.2.jar","sourceContainerUrl":"file:/C:/Users/DELL/.m2/repository/org/junit/jupiter/junit-jupiter/5.5.2/junit-jupiter-5.5.2-sources.jar","javadocContainerUrl":"file:/C:/Users/DELL/.m2/repository/org/junit/jupiter/junit-jupiter/5.5.2/junit-jupiter-5.5.2-javadoc.jar","isSystem":false,"isOwn":false,"isTest":false,"isJavaContent":false},{"kind":"binary","path":"C:\\Users\\DELL\\.m2\\repository\\org\\junit\\jupiter\\junit-jupiter-api\\5.5.2\\junit-jupiter-api-5.5.2.jar","sourceContainerUrl":"file:/C:/Users/DELL/.m2/repository/org/junit/jupiter/junit-jupiter-api/5.5.2/junit-jupiter-api-5.5.2-sources.jar","javadocContainerUrl":"file:/C:/Users/DELL/.m2/repository/org/junit/jupiter/junit-jupiter-api/5.5.2/junit-jupiter-api-5.5.2-javadoc.jar","isSystem":false,"isOwn":false,"isTest":false,"isJavaContent":false},{"kind":"binary","path":"C:\\Users\\DELL\\.m2\\repository\\org\\apiguardian\\apiguardian-api\\1.1.0\\apiguardian-api-1.1.0.jar","sourceContainerUrl":"file:/C:/Users/DELL/.m2/repository/org/apiguardian/apiguardian-api/1.1.0/apiguardian-api-1.1.0-sources.jar","javadocContainerUrl":"file:/C:/Users/DELL/.m2/repository/org/apiguardian/apiguardian-api/1.1.0/apiguardian-api-1.1.0-javadoc.jar","isSystem":false,"isOwn":false,"isTest":false,"isJavaContent":false},{"kind":"binary","path":"C:\\Users\\DELL\\.m2\\repository\\org\\opentest4j\\opentest4j\\1.2.0\\opentest4j-1.2.0.jar","sourceContainerUrl":"file:/C:/Users/DELL/.m2/repository/org/opentest4j/opentest4j/1.2.0/opentest4j-1.2.0-sources.jar","javadocContainerUrl":"file:/C:/Users/DELL/.m2/repository/org/opentest4j/opentest4j/1.2.0/opentest4j-1.2.0-javadoc.jar","isSystem":false,"isOwn":false,"isTest":false,"isJavaContent":false},{"kind":"binary","path":"C:\\Users\\DELL\\.m2\\repository\\org\\junit\\platform\\junit-platform-commons\\1.5.2\\junit-platform-commons-1.5.2.jar","sourceContainerUrl":"file:/C:/Users/DELL/.m2/repository/org/junit/platform/junit-platform-commons/1.5.2/junit-platform-commons-1.5.2-sources.jar","javadocContainerUrl":"file:/C:/Users/DELL/.m2/repository/org/junit/platform/junit-platform-commons/1.5.2/junit-platform-commons-1.5.2-javadoc.jar","isSystem":false,"isOwn":false,"isTest":false,"isJavaContent":false},{"kind":"binary","path":"C:\\Users\\DELL\\.m2\\repository\\org\\junit\\jupiter\\junit-jupiter-params\\5.5.2\\junit-jupiter-params-5.5.2.jar","sourceContainerUrl":"file:/C:/Users/DELL/.m2/repository/org/junit/jupiter/junit-jupiter-params/5.5.2/junit-jupiter-params-5.5.2-sources.jar","javadocContainerUrl":"file:/C:/Users/DELL/.m2/repository/org/junit/jupiter/junit-jupiter-params/5.5.2/junit-jupiter-params-5.5.2-javadoc.jar","isSystem":false,"isOwn":false,"isTest":false,"isJavaContent":false},{"kind":"binary","path":"C:\\Users\\DELL\\.m2\\repository\\org\\junit\\jupiter\\junit-jupiter-engine\\5.5.2\\junit-jupiter-engine-5.5.2.jar","sourceContainerUrl":"file:/C:/Users/DELL/.m2/repository/org/junit/jupiter/junit-jupiter-engine/5.5.2/junit-jupiter-engine-5.5.2-sources.jar","javadocContainerUrl":"file:/C:/Users/DELL/.m2/repository/org/junit/jupiter/junit-jupiter-engine/5.5.2/junit-jupiter-engine-5.5.2-javadoc.jar","isSystem":false,"isOwn":false,"isTest":false,"isJavaContent":false},{"kind":"binary","path":"C:\\Users\\DELL\\.m2\\repository\\org\\junit\\platform\\junit-platform-engine\\1.5.2\\junit-platform-engine-1.5.2.jar","sourceContainerUrl":"file:/C:/Users/DELL/.m2/repository/org/junit/platform/junit-platform-engine/1.5.2/junit-platform-engine-1.5.2-sources.jar","javadocContainerUrl":"file:/C:/Users/DELL/.m2/repository/org/junit/platform/junit-platform-engine/1.5.2/junit-platform-engine-1.5.2-javadoc.jar","isSystem":false,"isOwn":false,"isTest":false,"isJavaContent":false},{"kind":"binary","path":"C:\\Users\\DELL\\.m2\\repository\\org\\mockito\\mockito-junit-jupiter\\3.1.0\\mockito-junit-jupiter-3.1.0.jar","sourceContainerUrl":"file:/C:/Users/DELL/.m2/repository/org/mockito/mockito-junit-jupiter/3.1.0/mockito-junit-jupiter-3.1.0-sources.jar","javadocContainerUrl":"file:/C:/Users/DELL/.m2/repository/org/mockito/mockito-junit-jupiter/3.1.0/mockito-junit-jupiter-3.1.0-javadoc.jar","isSystem":false,"isOwn":false,"isTest":false,"isJavaContent":false},{"kind":"binary","path":"C:\\Users\\DELL\\.m2\\repository\\org\\assertj\\assertj-core\\3.13.2\\assertj-core-3.13.2.jar","sourceContainerUrl":"file:/C:/Users/DELL/.m2/repository/org/assertj/assertj-core/3.13.2/assertj-core-3.13.2-sources.jar","javadocContainerUrl":"file:/C:/Users/DELL/.m2/repository/org/assertj/assertj-core/3.13.2/assertj-core-3.13.2-javadoc.jar","isSystem":false,"isOwn":false,"isTest":false,"isJavaContent":false},{"kind":"binary","path":"C:\\Users\\DELL\\.m2\\repository\\org\\hamcrest\\hamcrest\\2.1\\hamcrest-2.1.jar","sourceContainerUrl":"file:/C:/Users/DELL/.m2/repository/org/hamcrest/hamcrest/2.1/hamcrest-2.1-sources.jar","javadocContainerUrl":"file:/C:/Users/DELL/.m2/repository/org/hamcrest/hamcrest/2.1/hamcrest-2.1-javadoc.jar","isSystem":false,"isOwn":false,"isTest":false,"isJavaContent":false},{"kind":"binary","path":"C:\\Users\\DELL\\.m2\\repository\\org\\mockito\\mockito-core\\3.1.0\\mockito-core-3.1.0.jar","sourceContainerUrl":"file:/C:/Users/DELL/.m2/repository/org/mockito/mockito-core/3.1.0/mockito-core-3.1.0-sources.jar","javadocContainerUrl":"file:/C:/Users/DELL/.m2/repository/org/mockito/mockito-core/3.1.0/mockito-core-3.1.0-javadoc.jar","isSystem":false,"isOwn":false,"isTest":false,"isJavaContent":false},{"kind":"binary","path":"C:\\Users\\DELL\\.m2\\repository\\net\\bytebuddy\\byte-buddy\\1.10.11\\byte-buddy-1.10.11.jar","sourceContainerUrl":"file:/C:/Users/DELL/.m2/repository/net/bytebuddy/byte-buddy/1.10.11/byte-buddy-1.10.11-sources.jar","javadocContainerUrl":"file:/C:/Users/DELL/.m2/repository/net/bytebuddy/byte-buddy/1.10.11/byte-buddy-1.10.11-javadoc.jar","isSystem":false,"isOwn":false,"isTest":false,"isJavaContent":false},{"kind":"binary","path":"C:\\Users\\DELL\\.m2\\repository\\net\\bytebuddy\\byte-buddy-agent\\1.10.11\\byte-buddy-agent-1.10.11.jar","sourceContainerUrl":"file:/C:/Users/DELL/.m2/repository/net/bytebuddy/byte-buddy-agent/1.10.11/byte-buddy-agent-1.10.11-sources.jar","javadocContainerUrl":"file:/C:/Users/DELL/.m2/repository/net/bytebuddy/byte-buddy-agent/1.10.11/byte-buddy-agent-1.10.11-javadoc.jar","isSystem":false,"isOwn":false,"isTest":false,"isJavaContent":false},{"kind":"binary","path":"C:\\Users\\DELL\\.m2\\repository\\org\\objenesis\\objenesis\\2.6\\objenesis-2.6.jar","sourceContainerUrl":"file:/C:/Users/DELL/.m2/repository/org/objenesis/objenesis/2.6/objenesis-2.6-sources.jar","javadocContainerUrl":"file:/C:/Users/DELL/.m2/repository/org/objenesis/objenesis/2.6/objenesis-2.6-javadoc.jar","isSystem":false,"isOwn":false,"isTest":false,"isJavaContent":false},{"kind":"binary","path":"C:\\Users\\DELL\\.m2\\repository\\org\\skyscreamer\\jsonassert\\1.5.0\\jsonassert-1.5.0.jar","sourceContainerUrl":"file:/C:/Users/DELL/.m2/repository/org/skyscreamer/jsonassert/1.5.0/jsonassert-1.5.0-sources.jar","javadocContainerUrl":"file:/C:/Users/DELL/.m2/repository/org/skyscreamer/jsonassert/1.5.0/jsonassert-1.5.0-javadoc.jar","isSystem":false,"isOwn":false,"isTest":false,"isJavaContent":false},{"kind":"binary","path":"C:\\Users\\DELL\\.m2\\repository\\com\\vaadin\\external\\google\\android-json\\0.0.20131108.vaadin1\\android-json-0.0.20131108.vaadin1.jar","sourceContainerUrl":"file:/C:/Users/DELL/.m2/repository/com/vaadin/external/google/android-json/0.0.20131108.vaadin1/android-json-0.0.20131108.vaadin1-sources.jar","javadocContainerUrl":"file:/C:/Users/DELL/.m2/repository/com/vaadin/external/google/android-json/0.0.20131108.vaadin1/android-json-0.0.20131108.vaadin1-javadoc.jar","isSystem":false,"isOwn":false,"isTest":false,"isJavaContent":false},{"kind":"binary","path":"C:\\Users\\DELL\\.m2\\repository\\org\\springframework\\spring-core\\5.2.7.RELEASE\\spring-core-5.2.7.RELEASE.jar","sourceContainerUrl":"file:/C:/Users/DELL/.m2/repository/org/springframework/spring-core/5.2.7.RELEASE/spring-core-5.2.7.RELEASE-sources.jar","javadocContainerUrl":"file:/C:/Users/DELL/.m2/repository/org/springframework/spring-core/5.2.7.RELEASE/spring-core-5.2.7.RELEASE-javadoc.jar","isSystem":false,"isOwn":false,"isTest":false,"isJavaContent":false},{"kind":"binary","path":"C:\\Users\\DELL\\.m2\\repository\\org\\springframework\\spring-jcl\\5.2.7.RELEASE\\spring-jcl-5.2.7.RELEASE.jar","sourceContainerUrl":"file:/C:/Users/DELL/.m2/repository/org/springframework/spring-jcl/5.2.7.RELEASE/spring-jcl-5.2.7.RELEASE-sources.jar","javadocContainerUrl":"file:/C:/Users/DELL/.m2/repository/org/springframework/spring-jcl/5.2.7.RELEASE/spring-jcl-5.2.7.RELEASE-javadoc.jar","isSystem":false,"isOwn":false,"isTest":false,"isJavaContent":false},{"kind":"binary","path":"C:\\Users\\DELL\\.m2\\repository\\org\\springframework\\spring-test\\5.2.7.RELEASE\\spring-test-5.2.7.RELEASE.jar","sourceContainerUrl":"file:/C:/Users/DELL/.m2/repository/org/springframework/spring-test/5.2.7.RELEASE/spring-test-5.2.7.RELEASE-sources.jar","javadocContainerUrl":"file:/C:/Users/DELL/.m2/repository/org/springframework/spring-test/5.2.7.RELEASE/spring-test-5.2.7.RELEASE-javadoc.jar","isSystem":false,"isOwn":false,"isTest":false,"isJavaContent":false},{"kind":"binary","path":"C:\\Users\\DELL\\.m2\\repository\\org\\xmlunit\\xmlunit-core\\2.6.4\\xmlunit-core-2.6.4.jar","sourceContainerUrl":"file:/C:/Users/DELL/.m2/repository/org/xmlunit/xmlunit-core/2.6.4/xmlunit-core-2.6.4-sources.jar","javadocContainerUrl":"file:/C:/Users/DELL/.m2/repository/org/xmlunit/xmlunit-core/2.6.4/xmlunit-core-2.6.4-javadoc.jar","isSystem":false,"isOwn":false,"isTest":false,"isJavaContent":false},{"kind":"binary","path":"C:\\Users\\DELL\\.m2\\repository\\com\\newgen\\aws-java-sdk-1\\aws-java-sdk-1\\1.0\\aws-java-sdk-1-1.0.jar","isSystem":false,"isOwn":false,"isTest":false,"isJavaContent":false},{"kind":"binary","path":"C:\\Users\\DELL\\.m2\\repository\\com\\newgen\\Azure\\Azure\\1.0\\Azure-1.0.jar","isSystem":false,"isOwn":false,"isTest":false,"isJavaContent":false},{"kind":"binary","path":"C:\\Users\\DELL\\.m2\\repository\\com\\newgen\\azure-storage-5\\azure-storage-5\\1.0\\azure-storage-5-1.0.jar","isSystem":false,"isOwn":false,"isTest":false,"isJavaContent":false},{"kind":"binary","path":"C:\\Users\\DELL\\.m2\\repository\\com\\newgen\\dmsapi\\dmsapi\\1.0\\dmsapi-1.0.jar","isSystem":false,"isOwn":false,"isTest":false,"isJavaContent":false},{"kind":"binary","path":"C:\\Users\\DELL\\.m2\\repository\\com\\newgen\\ISPack\\ISPack\\1.0\\ISPack-1.0.jar","isSystem":false,"isOwn":false,"isTest":false,"isJavaContent":false},{"kind":"binary","path":"C:\\Users\\DELL\\.m2\\repository\\com\\newgen\\jdts\\jdts\\1.0\\jdts-1.0.jar","isSystem":false,"isOwn":false,"isTest":false,"isJavaContent":false},{"kind":"binary","path":"C:\\Users\\DELL\\.m2\\repository\\com\\newgen\\jtssessionbean\\jtssessionbean\\1.0\\jtssessionbean-1.0.jar","isSystem":false,"isOwn":false,"isTest":false,"isJavaContent":false},{"kind":"binary","path":"C:\\Users\\DELL\\.m2\\repository\\com\\newgen\\NIPLJ\\NIPLJ\\1.0\\NIPLJ-1.0.jar","isSystem":false,"isOwn":false,"isTest":false,"isJavaContent":false},{"kind":"binary","path":"C:\\Users\\DELL\\.m2\\repository\\com\\newgen\\nsms\\nsms\\1.0\\nsms-1.0.jar","isSystem":false,"isOwn":false,"isTest":false,"isJavaContent":false},{"kind":"binary","path":"C:\\Users\\DELL\\.m2\\repository\\com\\newgen\\ejbclient\\ejbclient\\1.0\\ejbclient-1.0.jar","isSystem":false,"isOwn":false,"isTest":false,"isJavaContent":false},{"kind":"binary","path":"C:\\Users\\DELL\\.m2\\repository\\com\\newgen\\omnishared\\omnishared\\1.0\\omnishared-1.0.jar","isSystem":false,"isOwn":false,"isTest":false,"isJavaContent":false},{"kind":"binary","path":"C:\\Users\\DELL\\.m2\\repository\\com\\zaxxer\\HikariCP\\3.4.5\\HikariCP-3.4.5.jar","sourceContainerUrl":"file:/C:/Users/DELL/.m2/repository/com/zaxxer/HikariCP/3.4.5/HikariCP-3.4.5-sources.jar","javadocContainerUrl":"file:/C:/Users/DELL/.m2/repository/com/zaxxer/HikariCP/3.4.5/HikariCP-3.4.5-javadoc.jar","isSystem":false,"isOwn":false,"isTest":false,"isJavaContent":false},{"kind":"binary","path":"C:\\Users\\DELL\\.m2\\repository\\org\\slf4j\\slf4j-api\\1.7.30\\slf4j-api-1.7.30.jar","sourceContainerUrl":"file:/C:/Users/DELL/.m2/repository/org/slf4j/slf4j-api/1.7.30/slf4j-api-1.7.30-sources.jar","javadocContainerUrl":"file:/C:/Users/DELL/.m2/repository/org/slf4j/slf4j-api/1.7.30/slf4j-api-1.7.30-javadoc.jar","isSystem":false,"isOwn":false,"isTest":false,"isJavaContent":false},{"kind":"binary","path":"C:\\Users\\DELL\\.m2\\repository\\com\\microsoft\\sqlserver\\mssql-jdbc\\7.4.1.jre8\\mssql-jdbc-7.4.1.jre8.jar","sourceContainerUrl":"file:/C:/Users/DELL/.m2/repository/com/microsoft/sqlserver/mssql-jdbc/7.4.1.jre8/mssql-jdbc-7.4.1.jre8-sources.jar","javadocContainerUrl":"file:/C:/Users/DELL/.m2/repository/com/microsoft/sqlserver/mssql-jdbc/7.4.1.jre8/mssql-jdbc-7.4.1.jre8-javadoc.jar","isSystem":false,"isOwn":false,"isTest":false,"isJavaContent":false},{"kind":"binary","path":"C:\\Users\\DELL\\.m2\\repository\\log4j\\log4j\\1.2.17\\log4j-1.2.17.jar","sourceContainerUrl":"file:/C:/Users/DELL/.m2/repository/log4j/log4j/1.2.17/log4j-1.2.17-sources.jar","javadocContainerUrl":"file:/C:/Users/DELL/.m2/repository/log4j/log4j/1.2.17/log4j-1.2.17-javadoc.jar","isSystem":false,"isOwn":false,"isTest":false,"isJavaContent":false},{"kind":"binary","path":"C:\\Users\\DELL\\.m2\\repository\\org\\apache\\pdfbox\\pdfbox\\2.0.12\\pdfbox-2.0.12.jar","sourceContainerUrl":"file:/C:/Users/DELL/.m2/repository/org/apache/pdfbox/pdfbox/2.0.12/pdfbox-2.0.12-sources.jar","javadocContainerUrl":"file:/C:/Users/DELL/.m2/repository/org/apache/pdfbox/pdfbox/2.0.12/pdfbox-2.0.12-javadoc.jar","isSystem":false,"isOwn":false,"isTest":false,"isJavaContent":false},{"kind":"binary","path":"C:\\Users\\DELL\\.m2\\repository\\org\\apache\\pdfbox\\fontbox\\2.0.12\\fontbox-2.0.12.jar","sourceContainerUrl":"file:/C:/Users/DELL/.m2/repository/org/apache/pdfbox/fontbox/2.0.12/fontbox-2.0.12-sources.jar","javadocContainerUrl":"file:/C:/Users/DELL/.m2/repository/org/apache/pdfbox/fontbox/2.0.12/fontbox-2.0.12-javadoc.jar","isSystem":false,"isOwn":false,"isTest":false,"isJavaContent":false},{"kind":"binary","path":"C:\\Users\\DELL\\.m2\\repository\\commons-logging\\commons-logging\\1.2\\commons-logging-1.2.jar","sourceContainerUrl":"file:/C:/Users/DELL/.m2/repository/commons-logging/commons-logging/1.2/commons-logging-1.2-sources.jar","javadocContainerUrl":"file:/C:/Users/DELL/.m2/repository/commons-logging/commons-logging/1.2/commons-logging-1.2-javadoc.jar","isSystem":false,"isOwn":false,"isTest":false,"isJavaContent":false},{"kind":"binary","path":"C:\\Users\\DELL\\.m2\\repository\\commons-dbcp\\commons-dbcp\\1.4\\commons-dbcp-1.4.jar","sourceContainerUrl":"file:/C:/Users/DELL/.m2/repository/commons-dbcp/commons-dbcp/1.4/commons-dbcp-1.4-sources.jar","javadocContainerUrl":"file:/C:/Users/DELL/.m2/repository/commons-dbcp/commons-dbcp/1.4/commons-dbcp-1.4-javadoc.jar","isSystem":false,"isOwn":false,"isTest":false,"isJavaContent":false},{"kind":"binary","path":"C:\\Users\\DELL\\.m2\\repository\\commons-pool\\commons-pool\\1.6\\commons-pool-1.6.jar","sourceContainerUrl":"file:/C:/Users/DELL/.m2/repository/commons-pool/commons-pool/1.6/commons-pool-1.6-sources.jar","javadocContainerUrl":"file:/C:/Users/DELL/.m2/repository/commons-pool/commons-pool/1.6/commons-pool-1.6-javadoc.jar","isSystem":false,"isOwn":false,"isTest":false,"isJavaContent":false},{"kind":"source","path":"E:\\AWC-Workspace\\sbm-dms\\src\\main\\java","outputFolder":"E:\\AWC-Workspace\\sbm-dms\\target\\classes","javadocContainerUrl":"file:/E:/AWC-Workspace/sbm-dms/target/site/apidocs","isSystem":false,"isOwn":true,"isTest":false,"isJavaContent":true},{"kind":"source","path":"E:\\AWC-Workspace\\sbm-dms\\src\\test\\java","outputFolder":"E:\\AWC-Workspace\\sbm-dms\\target\\test-classes","javadocContainerUrl":"file:/E:/AWC-Workspace/sbm-dms/target/site/apidocs","isSystem":false,"isOwn":true,"isTest":true,"isJavaContent":true},{"kind":"source","path":"E:\\AWC-Workspace\\sbm-dms\\src\\main\\resources","outputFolder":"E:\\AWC-Workspace\\sbm-dms\\target\\classes","isSystem":false,"isOwn":true,"isTest":false,"isJavaContent":false},{"kind":"source","path":"E:\\AWC-Workspace\\sbm-dms\\src\\test\\resources","outputFolder":"E:\\AWC-Workspace\\sbm-dms\\target\\test-classes","isSystem":false,"isOwn":true,"isTest":true,"isJavaContent":false},{"kind":"source","path":"E:\\AWC-Workspace\\sbm-dms\\src\\test\\java","outputFolder":"E:\\AWC-Workspace\\sbm-dms\\target\\test-classes","javadocContainerUrl":"file:/E:/AWC-Workspace/sbm-dms/target/site/apidocs","isSystem":false,"isOwn":true,"isTest":false,"isJavaContent":false}]}